Id, name, DOB, mail
COA-0001,Nguyen Van Minh,15/06/1985,Male,0234567890,nvm@gmail.com
COA-0002,Le Thi Hong,23/09/1990,Female,0876543210,lth@gmail.com
COA-0003,Tran Quoc Bao,12/03/1978,Male,0551234567,tqb@gmail.com
COA-0004,Pham Anh Tuan,07/11/1983,Male,0449876543,pat@gmail.com
COA-0005,Bui Thi Lan,19/05/1992,Female,0223334444,btl@gmail.com
COA-0006,Hoang Minh Tu,01/02/1988,Male,0123456789,hmt@gmail.com
COA-0007,Nguyen Thi Kim,05/04/1991,Female,0789654321,ntk@gmail.com
COA-0008,Tran Van Hai,22/08/1980,Male,0698765432,tvh@gmail.com
COA-0009,Le Minh Chau,15/07/1993,Female,0345678901,lmc@gmail.com
COA-0010,Pham Thanh Long,10/10/1985,Male,0123987654,ptl@gmail.com
